<defaul>
   <ultimo_design>
      <colors>
         <color>#333333</color>
         <link_color>#333333</link_color>
         <link_hover_color>#e03081</link_hover_color>
         <button_bg_color>#eeeeee</button_bg_color>
         <button_color>#555555</button_color>
         <button_hover_bg_color>#39424a</button_hover_bg_color>
         <button_hover_color>#ffffff</button_hover_color>
         <button_active_bg_color>#e03081</button_active_bg_color>
         <button_active_color>#ffffff</button_active_color>
         <tool_icon_bg_color>#edf4f6</tool_icon_bg_color>
         <tool_icon_color>#333333</tool_icon_color>
         <tool_icon_hover_bg_color>#39424a</tool_icon_hover_bg_color>
         <tool_icon_hover_color>#ffffff</tool_icon_hover_color>
         <tool_icon_active_bg_color>#cbd7e2</tool_icon_active_bg_color>
         <tool_icon_active_color>#333333</tool_icon_active_color>
         <icon_bg_color>#cbd7e2</icon_bg_color>
         <icon_color>#ffffff</icon_color>
         <icon_hover_bg_color>#e03081</icon_hover_bg_color>
         <icon_hover_color>#ffffff</icon_hover_color>
         <social_icon_bg_color>#cbd7e2</social_icon_bg_color>
         <social_icon_color>#ffffff</social_icon_color>
         <social_icon_hover_bg_color>#e03081</social_icon_hover_bg_color>
         <social_icon_hover_color>#ffffff</social_icon_hover_color>
         <important_link_hover_color>#ffffff</important_link_hover_color>
         <important_link_hover_bg_color>#39424a</important_link_hover_bg_color>
         <label_new_bg_color>#5680e2</label_new_bg_color>
         <label_new_color>#ffffff</label_new_color>
         <label_sale_bg_color>#e03081</label_sale_bg_color>
         <label_sale_color>#ffffff</label_sale_color>
         <price_color>#5680e2</price_color>
         <additional_bg_color>#f5f5f5</additional_bg_color>
      </colors>
      <font>
         <font_size>12px</font_size>
         <primary_font_family_group>google</primary_font_family_group>
         <primary_font_family_custom>Arial, &quot;Helvetica Neue&quot;, Helvetica, sans-serif</primary_font_family_custom>
         <primary_font_family>Bitter</primary_font_family>
         <primary_char_subset>latin</primary_char_subset>
         <primary_font_weight> </primary_font_weight>
      </font>
      <effects>
         <shadow>1</shadow>
         <shadow_nav>bar</shadow_nav>
         <structural_elements_transition>0</structural_elements_transition>
      </effects>
      <page>
         <viewport_bg_color>#f0f6f8</viewport_bg_color>
         <bg_color>#ffffff</bg_color>
         <bg_image/>
         <bg_repeat>repeat</bg_repeat>
         <bg_attachment>scroll</bg_attachment>
         <bg_positionx>center</bg_positionx>
         <bg_positiony>top</bg_positiony>
         <tex>0</tex>
         <content_padding_side>12</content_padding_side>
      </page>
      <header>
         <top_border_color>transparent</top_border_color>
         <color>#333333</color>
         <link_color>#333333</link_color>
         <link_hover_color>#ffcd18</link_hover_color>
         <bg_color>#ffcd18</bg_color>
         <bg_image/>
         <bg_repeat>repeat</bg_repeat>
         <bg_attachment>scroll</bg_attachment>
         <bg_positionx>center</bg_positionx>
         <bg_positiony>top</bg_positiony>
         <tex>0</tex>
         <tex2>0</tex2>
         <inner_bg_color>transparent</inner_bg_color>
         <padding_top> 0</padding_top>
         <padding_bottom> 25</padding_bottom>
         <search_bg_color>#ffdc5e</search_bg_color>
         <search_hover_bg_color>#ffffff</search_hover_bg_color>
         <search_color>#333333</search_color>
         <search_hover_color>#333333</search_hover_color>
         <search_border_color>transparent</search_border_color>
         <search_border_hover_color>transparent</search_border_hover_color>
         <search_max_width/>
         <dropdown_bg_color>#ffffff</dropdown_bg_color>
         <dropdown_color>#333333</dropdown_color>
         <dropdown_link_color>#333333</dropdown_link_color>
         <dropdown_link_hover_color>#777777</dropdown_link_hover_color>
         <mh_item_bg_color>#fafafa</mh_item_bg_color>
         <mh_item_color>#333333</mh_item_color>
         <mh_item_active_bg_color>#f5f5f5</mh_item_active_bg_color>
         <mh_item_active_color>#e03081</mh_item_active_color>
         <mh_content_color>#333333</mh_content_color>
         <mh_content_link_color>#333333</mh_content_link_color>
         <mh_content_link_hover_color>#e03081</mh_content_link_hover_color>
      </header>
      <header_top>
         <bg_color>transparent</bg_color>
         <inner_bg_color>transparent</inner_bg_color>
         <color/>
         <link_color/>
         <link_hover_color/>
         <padding_top>10</padding_top>
         <padding_bottom>0</padding_bottom>
         <content_padding_top>0</content_padding_top>
         <content_padding_bottom>0</content_padding_bottom>
         <stretched>0</stretched>
      </header_top>
      <header_primary>
         <padding_top>0</padding_top>
         <padding_bottom>0</padding_bottom>
         <content_padding_top>10</content_padding_top>
         <content_padding_bottom>10</content_padding_bottom>
         <stretched>0</stretched>
      </header_primary>
      <nav>
         <outer_bg_color>transparent</outer_bg_color>
         <inner_bg_color>transparent</inner_bg_color>
         <padding_top>0</padding_top>
         <padding_bottom>0</padding_bottom>
         <line_height>50</line_height>
         <stretched>0</stretched>
         <border>0</border>
         <border_color>#333333</border_color>
         <bg_color>#f5f5f5</bg_color>
         <color>#333333</color>
         <hover_bg_color>#ffffff</hover_bg_color>
         <hover_color>#e03081</hover_color>
         <active_bg_color>#ffffff</active_bg_color>
         <active_color>#333333</active_color>
         <sticky_item_bg_color>#f5f5f5</sticky_item_bg_color>
         <sticky_item_color>#333333</sticky_item_color>
         <sticky_border>0</sticky_border>
         <level1_font_size>14</level1_font_size>
         <level1_font_uppercase>1</level1_font_uppercase>
         <mega_lev1_font_size>16</mega_lev1_font_size>
         <mega_lev1_font_uppercase>1</mega_lev1_font_uppercase>
         <dropdown_border_top>0</dropdown_border_top>
         <dropdown_border_top_color>#5bd2ec</dropdown_border_top_color>
         <dropdown_border_all_levels>0</dropdown_border_all_levels>
         <dropdown_bg_color>#ffffff</dropdown_bg_color>
         <dropdown_color>#333333</dropdown_color>
         <dropdown_link_color>#333333</dropdown_link_color>
         <dropdown_link_hover_color>#e03081</dropdown_link_hover_color>
         <dropdown_shadow>1</dropdown_shadow>
         <mobile_link_separator_color>#f5f5f5</mobile_link_separator_color>
         <mobile_shadow>1</mobile_shadow>
         <mobile_level1_font_size>16</mobile_level1_font_size>
         <mobile_level1_font_uppercase>1</mobile_level1_font_uppercase>
         <mobile_level2_font_size>16</mobile_level2_font_size>
         <mobile_level2_font_uppercase>0</mobile_level2_font_uppercase>
         <label_bg_color>#ffcd18</label_bg_color>
         <label_color>#333333</label_color>
         <label_bg_color2>#e03081</label_bg_color2>
         <label_color2>#ffffff</label_color2>
         <label_hover_bg_color>#39424a</label_hover_bg_color>
         <label_hover_color>#ffffff</label_hover_color>
      </nav>
      <main>
         <bg_color>transparent</bg_color>
         <tex>0</tex>
         <inner_bg_color>transparent</inner_bg_color>
         <padding_top>0</padding_top>
         <padding_bottom>0</padding_bottom>
      </main>
      <category>
         <grid_item_bg_color/>
         <grid_item_hover_bg_color/>
      </category>
      <product_page>
         <addto_icon_bg_color>transparent</addto_icon_bg_color>
         <addto_icon_hover_bg_color>#e03081</addto_icon_hover_bg_color>
         <tab_inner_bg_color>transparent</tab_inner_bg_color>
         <tab_panel_bg_color>#ffffff</tab_panel_bg_color>
         <tab_border_color>#e5e5e5</tab_border_color>
         <tab_bg_color>#fafafa</tab_bg_color>
         <tab_color>#333333</tab_color>
         <tab_hover_bg_color>#fff</tab_hover_bg_color>
         <tab_hover_color>#e03081</tab_hover_color>
         <tab_active_bg_color>#ffffff</tab_active_bg_color>
         <tab_active_color>#e03081</tab_active_color>
         <acco_bg_color>#f5fafc</acco_bg_color>
         <acco_color>#333333</acco_color>
         <acco_active_bg_color>#f5fafc</acco_active_bg_color>
         <acco_active_color>#e03081</acco_active_color>
      </product_page>
      <slideshow>
         <tool_icon_bg_color>#edf4f6</tool_icon_bg_color>
         <tool_icon_color>#333333</tool_icon_color>
         <tool_icon_hover_bg_color>#e03081</tool_icon_hover_bg_color>
         <tool_icon_hover_color>#ffffff</tool_icon_hover_color>
         <tool_icon_active_bg_color>#333333</tool_icon_active_bg_color>
      </slideshow>
      <footer>
         <bg_color>#f0f6f8</bg_color>
         <tex>0</tex>
         <tex2>0</tex2>
         <inner_bg_color>transparent</inner_bg_color>
         <color>#555555</color>
         <link_color>#555555</link_color>
         <link_hover_color>#e03081</link_hover_color>
         <button_bg_color>#777777</button_bg_color>
         <button_color>#ffffff</button_color>
         <button_hover_bg_color>#ffcd18</button_hover_bg_color>
         <button_hover_color>#333333</button_hover_color>
         <tool_icon_bg_color>#edf4f6</tool_icon_bg_color>
         <tool_icon_color>#333333</tool_icon_color>
         <tool_icon_hover_bg_color>#e03081</tool_icon_hover_bg_color>
         <tool_icon_hover_color>#ffffff</tool_icon_hover_color>
         <icon_bg_color>#ffcd18</icon_bg_color>
         <icon_color>#ffffff</icon_color>
         <icon_hover_bg_color>#e03081</icon_hover_bg_color>
         <icon_hover_color>#ffffff</icon_hover_color>
      </footer>
      <footer_top>
         <bg_color>transparent</bg_color>
         <inner_bg_color>#ffffff</inner_bg_color>
         <color/>
         <link_color/>
         <link_hover_color/>
         <padding_top>25</padding_top>
         <padding_bottom>15</padding_bottom>
      </footer_top>
      <footer_primary>
         <bg_color>transparent</bg_color>
         <inner_bg_color>#ffffff</inner_bg_color>
         <color/>
         <link_color/>
         <link_hover_color/>
         <padding_top>0</padding_top>
         <padding_bottom>10</padding_bottom>
      </footer_primary>
      <footer_secondary>
         <bg_color>transparent</bg_color>
         <inner_bg_color>transparent</inner_bg_color>
         <color/>
         <link_color/>
         <link_hover_color/>
         <padding_top>0</padding_top>
         <padding_bottom>0</padding_bottom>
      </footer_secondary>
      <footer_bottom>
         <bg_color>transparent</bg_color>
         <inner_bg_color>transparent</inner_bg_color>
         <color>#666666</color>
         <link_color>#666666</link_color>
         <link_hover_color>#e03081</link_hover_color>
      </footer_bottom>
   </ultimo_design>
</defaul>
