<defaul>
   <ultimo>
      <header>
         <left_column>4</left_column>
         <central_column>4</central_column>
         <right_column>4</right_column>
         <logo_position>primLeftCol</logo_position>
         <search_position>primCentralCol</search_position>
         <search_in_user_menu_position>1</search_in_user_menu_position>
         <user_menu_position>primRightCol</user_menu_position>
         <toplinks_break_position>0</toplinks_break_position>
         <signup>0</signup>
         <main_menu_position>menuContainer</main_menu_position>
         <cart_position>userMenu</cart_position>
         <cart_label>1</cart_label>
         <compare>1</compare>
         <compare_position>userMenu</compare_position>
         <compare_label>1</compare_label>
         <sticky>1</sticky>
         <sticky_full_width>0</sticky_full_width>
         <mode>1</mode>
         <mobile_move_switchers>0</mobile_move_switchers>
      </header>
      <category>
         <aspect_ratio>1</aspect_ratio>
         <image_width>295</image_width>
         <alt_image>1</alt_image>
         <alt_image_column>label</alt_image_column>
         <alt_image_column_value>alt</alt_image_column_value>
      </category>
      <category_grid>
         <column_count>3</column_count>
         <column_count_768>3</column_count_768>
         <column_count_640>2</column_count_640>
         <column_count_480>2</column_count_480>
         <equal_height>1</equal_height>
         <hover_effect>1</hover_effect>
         <disable_hover_effect>320</disable_hover_effect>
         <hide_addto_links>480</hide_addto_links>
         <centered>1</centered>
         <elements_size/>
         <display_name>2</display_name>
         <display_name_single_line>1</display_name_single_line>
         <display_price>2</display_price>
         <display_rating>1</display_rating>
         <display_addtocart>2</display_addtocart>
         <display_addtolinks>1</display_addtolinks>
         <addtolinks_simple>1</addtolinks_simple>
      </category_grid>
      <category_list>
         <hover_effect>1</hover_effect>
         <addtolinks_simple>1</addtolinks_simple>
      </category_list>
      <product_page>
         <image_column>4</image_column>
         <primary_column>5</primary_column>
         <secondary_column>3</secondary_column>
         <lower_primary_column>9</lower_primary_column>
         <lower_secondary_column>3</lower_secondary_column>
         <container2_column>9</container2_column>
         <tabs>1</tabs>
         <tabs_mode>1</tabs_mode>
         <tabs_threshold>1024</tabs_threshold>
         <tabs_collapsed>1</tabs_collapsed>
         <tabs_style>0</tabs_style>
         <collateral_position>lowerPrimCol_1</collateral_position>
         <collateral_reviews>1</collateral_reviews>
         <collateral_tags>1</collateral_tags>
         <collateral_related>0</collateral_related>
         <collateral_upsell>0</collateral_upsell>
         <related_position>secCol_3</related_position>
         <related_template>catalog/product/list/related_multi.phtml</related_template>
         <related_count>4</related_count>
         <related_breakpoints>[0, 1], [320, 2], [480, 3], [768, 1]</related_breakpoints>
         <related_timeout>10000</related_timeout>
         <replace_related>2</replace_related>
         <upsell_position>lowerPrimCol_2</upsell_position>
         <upsell_breakpoints>[0, 1], [320, 2], [480, 3], [960, 4], [1280, 5]</upsell_breakpoints>
         <upsell_timeout/>
         <replace_upsell>2</replace_upsell>
         <sku>0</sku>
      </product_page>
      <product_labels>
         <new>1</new>
         <sale>1</sale>
      </product_labels>
      <footer>
         <links_column_auto_width>1</links_column_auto_width>
      </footer>
      <product_slider>
         <timeout/>
         <speed>200</speed>
         <auto_speed>500</auto_speed>
         <pause>1</pause>
         <loop>1</loop>
         <lazy>1</lazy>
      </product_slider>
      <rsnippets>
         <enable_product>1</enable_product>
         <price_incl_tax>0</price_incl_tax>
      </rsnippets>
      <magento_blocks>
         <top_links>1</top_links>
         <footer_links>1</footer_links>
         <footer_newsletter>1</footer_newsletter>
         <store_switcher>1</store_switcher>
         <related_products_checkbox>0</related_products_checkbox>
      </magento_blocks>
      <sidebar_blocks_home>
         <compare>0</compare>
         <compared>0</compared>
         <viewed>0</viewed>
         <wishlist>0</wishlist>
         <poll>0</poll>
         <tags>0</tags>
         <paypal>1</paypal>
         <block_left_top>0</block_left_top>
         <block_left_bottom>0</block_left_bottom>
         <block_right_top>1</block_right_top>
         <block_right_bottom>1</block_right_bottom>
      </sidebar_blocks_home>
      <install>
         <overwrite_blocks>0</overwrite_blocks>
         <overwrite_pages>0</overwrite_pages>
      </install>
      <customization>
         <custom_css>0</custom_css>
      </customization>
   </ultimo>
   <ultimo_design>
      <colors>
         <color>#333333</color>
         <link_color>#333333</link_color>
         <link_hover_color>#3ec2df</link_hover_color>
         <button_bg_color>#eeeeee</button_bg_color>
         <button_color>#333333</button_color>
         <button_hover_bg_color>#5bd2ec</button_hover_bg_color>
         <button_hover_color>#ffffff</button_hover_color>
         <button_active_bg_color>#333333</button_active_bg_color>
         <button_active_color>#ffffff</button_active_color>
         <tool_icon_bg_color>#f5f5f5</tool_icon_bg_color>
         <tool_icon_color>#333333</tool_icon_color>
         <tool_icon_hover_bg_color>#000000</tool_icon_hover_bg_color>
         <tool_icon_hover_color>#ffffff</tool_icon_hover_color>
         <tool_icon_active_bg_color>#e5e5e5</tool_icon_active_bg_color>
         <tool_icon_active_color>#333333</tool_icon_active_color>
         <icon_bg_color>#de2666</icon_bg_color>
         <icon_color>#ffffff</icon_color>
         <icon_hover_bg_color>#5bd2ec</icon_hover_bg_color>
         <icon_hover_color>#ffffff</icon_hover_color>
         <social_icon_bg_color>#bbbbbb</social_icon_bg_color>
         <social_icon_color>#ffffff</social_icon_color>
         <social_icon_hover_bg_color>#ff7214</social_icon_hover_bg_color>
         <social_icon_hover_color>#ffffff</social_icon_hover_color>
         <important_link_hover_color>#ffffff</important_link_hover_color>
         <important_link_hover_bg_color>#de2666</important_link_hover_bg_color>
         <label_new_bg_color>#3ec2df</label_new_bg_color>
         <label_new_color>#ffffff</label_new_color>
         <label_sale_bg_color>#f12b63</label_sale_bg_color>
         <label_sale_color>#ffffff</label_sale_color>
         <price_color>#00a9c7</price_color>
         <additional_bg_color>#f5f5f5</additional_bg_color>
      </colors>
      <font>
         <font_size>12px</font_size>
         <primary_font_family_group>google</primary_font_family_group>
         <primary_font_family_custom>Arial, &quot;Helvetica Neue&quot;, Helvetica, sans-serif</primary_font_family_custom>
         <primary_font_family>Bitter</primary_font_family>
         <primary_char_subset>latin</primary_char_subset>
         <primary_font_weight/>
      </font>
      <effects>
         <shadow>0</shadow>
         <shadow_nav>inner-container</shadow_nav>
         <structural_elements_transition>0</structural_elements_transition>
      </effects>
      <page>
         <viewport_bg_color>#f5f5f5</viewport_bg_color>
         <bg_color>#ffffff</bg_color>
         <bg_image/>
         <bg_repeat>repeat</bg_repeat>
         <bg_attachment>scroll</bg_attachment>
         <bg_positionx>center</bg_positionx>
         <bg_positiony>top</bg_positiony>
         <tex>0</tex>
         <content_padding_side>12</content_padding_side>
      </page>
      <header>
         <top_border_color>#333333</top_border_color>
         <color/>
         <link_color/>
         <link_hover_color/>
         <bg_color/>
         <bg_image/>
         <bg_repeat>no-repeat</bg_repeat>
         <bg_attachment>scroll</bg_attachment>
         <bg_positionx>center</bg_positionx>
         <bg_positiony>top</bg_positiony>
         <tex>0</tex>
         <tex2>0</tex2>
         <inner_bg_color/>
         <padding_top/>
         <padding_bottom/>
         <search_bg_color>#ffffff</search_bg_color>
         <search_hover_bg_color>#ffffff</search_hover_bg_color>
         <search_color>#bbbbbb</search_color>
         <search_hover_color>#333333</search_hover_color>
         <search_border_color>#dddddd</search_border_color>
         <search_border_hover_color>#eeeeee</search_border_hover_color>
         <search_max_width/>
         <dropdown_bg_color>#ffffff</dropdown_bg_color>
         <dropdown_color>#333333</dropdown_color>
         <dropdown_link_color>#333333</dropdown_link_color>
         <dropdown_link_hover_color>#3ec2df</dropdown_link_hover_color>
         <mh_item_bg_color>#fafafa</mh_item_bg_color>
         <mh_item_color>#333333</mh_item_color>
         <mh_item_active_bg_color>#f5f5f5</mh_item_active_bg_color>
         <mh_item_active_color>#3ec2df</mh_item_active_color>
         <mh_content_color>#333333</mh_content_color>
         <mh_content_link_color>#333333</mh_content_link_color>
         <mh_content_link_hover_color>#3ec2df</mh_content_link_hover_color>
      </header>
      <header_top>
         <bg_color/>
         <inner_bg_color/>
         <color/>
         <link_color/>
         <link_hover_color/>
         <padding_top/>
         <padding_bottom/>
         <content_padding_top/>
         <content_padding_bottom/>
         <stretched>0</stretched>
      </header_top>
      <header_primary>
         <padding_top/>
         <padding_bottom/>
         <content_padding_top>10</content_padding_top>
         <content_padding_bottom>10</content_padding_bottom>
         <stretched>0</stretched>
      </header_primary>
      <nav>
         <outer_bg_color/>
         <inner_bg_color/>
         <padding_top/>
         <padding_bottom/>
         <line_height>50</line_height>
         <stretched>0</stretched>
         <border>5</border>
         <border_color>#333333</border_color>
         <bg_color>#f8f8f8</bg_color>
         <color>#333333</color>
         <hover_bg_color>#5bd2ec</hover_bg_color>
         <hover_color>#ffffff</hover_color>
         <active_bg_color>#333333</active_bg_color>
         <active_color>#ffffff</active_color>
         <sticky_item_bg_color>#ffffff</sticky_item_bg_color>
         <sticky_item_color>#333333</sticky_item_color>
         <sticky_border>0</sticky_border>
         <level1_font_size>16</level1_font_size>
         <level1_font_uppercase>1</level1_font_uppercase>
         <mega_lev1_font_size>16</mega_lev1_font_size>
         <mega_lev1_font_uppercase>1</mega_lev1_font_uppercase>
         <dropdown_border_top>5</dropdown_border_top>
         <dropdown_border_top_color>#5bd2ec</dropdown_border_top_color>
         <dropdown_border_all_levels>0</dropdown_border_all_levels>
         <dropdown_bg_color>#ffffff</dropdown_bg_color>
         <dropdown_color>#333333</dropdown_color>
         <dropdown_link_color>#333333</dropdown_link_color>
         <dropdown_link_hover_color>#00a9c7</dropdown_link_hover_color>
         <dropdown_shadow>1</dropdown_shadow>
         <mobile_link_separator_color>#eeeeee</mobile_link_separator_color>
         <mobile_shadow>1</mobile_shadow>
         <mobile_level1_font_size>16</mobile_level1_font_size>
         <mobile_level1_font_uppercase>1</mobile_level1_font_uppercase>
         <mobile_level2_font_size>16</mobile_level2_font_size>
         <mobile_level2_font_uppercase>0</mobile_level2_font_uppercase>
         <label_bg_color>#5bd2ec</label_bg_color>
         <label_color>#ffffff</label_color>
         <label_bg_color2>#d52462</label_bg_color2>
         <label_color2>#ffffff</label_color2>
         <label_hover_bg_color>#ff7214</label_hover_bg_color>
         <label_hover_color/>
      </nav>
      <main>
         <bg_color>transparent</bg_color>
         <tex>0</tex>
         <inner_bg_color>#ffffff</inner_bg_color>
         <padding_top/>
         <padding_bottom/>
      </main>
      <category>
         <grid_item_bg_color/>
         <grid_item_hover_bg_color/>
      </category>
      <product_page>
         <addto_icon_bg_color>#eeeeee</addto_icon_bg_color>
         <addto_icon_hover_bg_color>#5bd2ec</addto_icon_hover_bg_color>
         <tab_inner_bg_color/>
         <tab_panel_bg_color>#ffffff</tab_panel_bg_color>
         <tab_border_color>#e5e5e5</tab_border_color>
         <tab_bg_color>#f5f5f5</tab_bg_color>
         <tab_color>#333333</tab_color>
         <tab_hover_bg_color>#eeeeee</tab_hover_bg_color>
         <tab_hover_color>#333333</tab_hover_color>
         <tab_active_bg_color>#ffffff</tab_active_bg_color>
         <tab_active_color>#00a9c7</tab_active_color>
         <acco_bg_color>transparent</acco_bg_color>
         <acco_color>#333333</acco_color>
         <acco_active_bg_color>#ffffff</acco_active_bg_color>
         <acco_active_color>#00a9c7</acco_active_color>
      </product_page>
      <slideshow>
         <tool_icon_bg_color>#ffffff</tool_icon_bg_color>
         <tool_icon_color>#333333</tool_icon_color>
         <tool_icon_hover_bg_color>#000000</tool_icon_hover_bg_color>
         <tool_icon_hover_color>#ffffff</tool_icon_hover_color>
         <tool_icon_active_bg_color>#ff391c</tool_icon_active_bg_color>
      </slideshow>
      <footer>
         <bg_color>#f5f5f5</bg_color>
         <tex>1</tex>
         <tex2>0</tex2>
         <inner_bg_color/>
         <color/>
         <link_color/>
         <link_hover_color/>
         <button_bg_color>#e5e5e5</button_bg_color>
         <button_color>#555555</button_color>
         <button_hover_bg_color>#a5db00</button_hover_bg_color>
         <button_hover_color>#ffffff</button_hover_color>
         <tool_icon_bg_color>#f5f5f5</tool_icon_bg_color>
         <tool_icon_color>#333333</tool_icon_color>
         <tool_icon_hover_bg_color>#5bd2ec</tool_icon_hover_bg_color>
         <tool_icon_hover_color>#ffffff</tool_icon_hover_color>
         <icon_bg_color>#de2666</icon_bg_color>
         <icon_color>#ffffff</icon_color>
         <icon_hover_bg_color>#444444</icon_hover_bg_color>
         <icon_hover_color>#ffffff</icon_hover_color>
      </footer>
      <footer_top>
         <bg_color>#ffffff</bg_color>
         <inner_bg_color/>
         <color/>
         <link_color/>
         <link_hover_color/>
         <padding_top>0</padding_top>
         <padding_bottom>0</padding_bottom>
      </footer_top>
      <footer_primary>
         <bg_color>transparent</bg_color>
         <inner_bg_color>#ffffff</inner_bg_color>
         <color/>
         <link_color/>
         <link_hover_color/>
         <padding_top>30</padding_top>
         <padding_bottom>10</padding_bottom>
      </footer_primary>
      <footer_secondary>
         <bg_color/>
         <inner_bg_color/>
         <color/>
         <link_color/>
         <link_hover_color/>
         <padding_top>0</padding_top>
         <padding_bottom>0</padding_bottom>
      </footer_secondary>
      <footer_bottom>
         <bg_color>rgba(0,0,0, 0.04)</bg_color>
         <inner_bg_color>transparent</inner_bg_color>
         <color>#888888</color>
         <link_color>#555555</link_color>
         <link_hover_color>#de2666</link_hover_color>
      </footer_bottom>
   </ultimo_design>
   <ultimo_layout>
      <responsive>
         <responsive>1</responsive>
         <max_width>1280</max_width>
         <max_width_custom/>
         <fluid_width>0</fluid_width>
      </responsive>
   </ultimo_layout>
   <brands>
      <general>
         <image_extension>png</image_extension>
         <show_image>1</show_image>
         <show_image_fallback_to_text>1</show_image_fallback_to_text>
         <link_search_enabled>1</link_search_enabled>
         <page_base_path/>
         <append_category_suffix>1</append_category_suffix>
         <url_key_separator>-</url_key_separator>
         <img_url_key_separator>-</img_url_key_separator>
      </general>
      <product_view>
         <enable>1</enable>
      </product_view>
      <list>
         <all_brands>0</all_brands>
         <assigned>0</assigned>
         <assigned_in_stock>0</assigned_in_stock>
      </list>
      <slider>
         <timeout/>
         <speed>200</speed>
         <auto_speed>500</auto_speed>
         <pause>1</pause>
         <loop>1</loop>
         <lazy>1</lazy>
      </slider>
   </brands>
   <cloudzoom>
      <general>
         <enable>1</enable>
         <use_cloud_zoom>1</use_cloud_zoom>
         <position>inside</position>
         <lens_opacity>50</lens_opacity>
         <zoom_width>427</zoom_width>
         <zoom_height>275</zoom_height>
         <big_image_width>650</big_image_width>
         <big_image_height>650</big_image_height>
         <tint_opacity>50</tint_opacity>
         <soft_focus>0</soft_focus>
         <smooth_move>3</smooth_move>
      </general>
      <images>
         <aspect_ratio>1</aspect_ratio>
         <main_width>363</main_width>
         <main_height/>
      </images>
      <thumbnails>
         <slider>1</slider>
         <timeout>5000</timeout>
         <speed>200</speed>
         <auto_speed>500</auto_speed>
         <loop>1</loop>
         <move>0</move>
         <lazy>0</lazy>
      </thumbnails>
      <lightbox>
         <enable>1</enable>
         <max_width>95%</max_width>
         <max_height>95%</max_height>
         <group>1</group>
      </lightbox>
   </cloudzoom>
   <ultramegamenu>
      <general>
         <enable>1</enable>
         <mode>0</mode>
         <categories>1</categories>
      </general>
      <mainmenu>
         <home>1</home>
         <home_img>0</home_img>
         <home_link_icon>0</home_link_icon>
         <spill>0</spill>
         <custom_block_floating>1</custom_block_floating>
      </mainmenu>
      <mobilemenu>
         <threshold>960</threshold>
         <collapsed>1</collapsed>
         <show_blocks>0</show_blocks>
         <hide_blocks_below>1</hide_blocks_below>
      </mobilemenu>
      <sidemenu>
         <enable_category_left>1</enable_category_left>
         <enable_category_right>0</enable_category_right>
         <enable_home_left>1</enable_home_left>
         <enable_home_right>0</enable_home_right>
         <enable_cms_left>1</enable_cms_left>
         <enable_cms_right>1</enable_cms_right>
         <enable_product_left>0</enable_product_left>
         <enable_product_right>0</enable_product_right>
         <block_name>Categories: [current_category]</block_name>
         <parent>current</parent>
         <depth>2</depth>
         <fallback>1</fallback>
         <block_name_fallback>Main Categories</block_name_fallback>
         <num_of_products>0</num_of_products>
         <hide_on_mobile>1</hide_on_mobile>
         <hide_laynav_categories>1</hide_laynav_categories>
      </sidemenu>
   </ultramegamenu>
   <ultraslideshow>
      <general>
         <effect>fadeUp</effect>
         <timeout>10000</timeout>
         <speed>200</speed>
         <auto_speed>500</auto_speed>
         <smooth_height>1</smooth_height>
         <pause>1</pause>
         <loop>1</loop>
         <hide>0</hide>
         <blocks>block_slide1,block_slide2,block_slide3</blocks>
         <position1>0</position1>
         <position2>1</position2>
         <margin_top/>
         <margin_bottom/>
      </general>
      <banners>
         <position>right</position>
         <hide>1</hide>
         <banners>block_slideshow_banners</banners>
      </banners>
      <navigation>
         <pagination>slider-pagination2</pagination>
         <pagination_position>pagination-pos-over-bottom-right</pagination_position>
      </navigation>
   </ultraslideshow>
</defaul>
